participant_id	hospital	age	sex	rosc	ohca	shockable_rhythm	ttm	outcome	cpc	n_runs	first_hour	last_hour	n_hours_covered	recording_hours	sampling_frequencies	powerline_frequency	n_eeg_channels	bad_channel_fraction
sub-0284	A	53	M	n/a	True	True	33	Good	1	85	4	74	69	67.14	500	50	19	0.0476
sub-0286	F	85	F	7	False	False	n/a	Good	1	63	20	72	53	52.55	512	60	20	0.0
sub-0296	A	48	M	n/a	True	True	36	Good	1	6	2	6	5	4.37	500	50	19	0.0476
sub-0299	A	45	M	n/a	True	True	33	Good	1	30	21	44	24	23.7	500	50	19	0.0476
sub-0303	D	51	M	24	True	True	33	Good	1	46	21	64	44	43.63	512	60	20	0.0
sub-0306	E	73	M	20	True	False	33	Good	1	46	20	62	43	42.19	256	60	21	0.0357
sub-0311	A	39	F	n/a	True	True	33	Good	2	18	46	63	18	16.6	2048	50	20	0.05
sub-0312	D	51	M	n/a	n/a	True	n/a	Good	1	53	4	54	51	50.1	256	60	20	0.1074
sub-0313	B	56	M	3	False	False	33	Good	1	41	4	44	41	40.54	250	50	19	0.0
sub-0316	D	41	M	37	True	True	33	Good	1	77	28	102	75	74.01	256	60	20	0.0345
sub-0319	A	62	M	n/a	False	True	33	Good	2	41	5	44	40	38.58	2048	50	20	0.2585
sub-0320	F	55	M	20	True	True	33	Good	1	53	16	66	51	49.99	200	60	20	0.0345
sub-0326	A	46	M	n/a	True	True	33	Good	1	44	2	43	42	39.96	256	50	20	0.0
sub-0328	B	56	M	40	False	True	33	Good	1	52	12	63	52	50.81	250	50	19	0.0577
sub-0332	D	68	F	60	False	False	33	Good	1	105	22	123	102	100.23	200	60	20	0.0529
sub-0334	A	54	M	n/a	True	True	33	Good	1	44	5	76	44	41.69	256	50	20	0.05
sub-0335	A	64	M	n/a	True	True	33	Good	2	132	3	132	130	128.6	256	50	20	0.3523
sub-0337	A	67	F	n/a	True	True	33	Good	2	91	8	80	73	72.21	500	50	19	0.0476
sub-0340	E	66	M	30	True	True	33	Good	1	48	30	76	47	46.31	256	60	20	0.0
sub-0341	A	79	M	n/a	False	n/a	36	Poor	5	14	2	15	14	12.58	256	50	20	0.0679
sub-0342	B	71	M	20	False	False	33	Poor	5	15	2	16	15	14.18	250	50	19	0.0
sub-0344	A	50	M	n/a	True	False	33	Poor	3	83	19	85	67	65.32	500	50	19	0.0476
sub-0346	E	55	M	15	True	False	33	Poor	5	24	15	38	24	22.87	256	60	21	0.0357
sub-0347	D	51	M	n/a	True	True	33	Good	1	71	12	80	69	68.32	512	60	20	0.0
sub-0348	E	66	M	5	True	True	33	Poor	5	170	5	169	164	161.18	256	60	20	0.0309
sub-0349	E	78	F	20	False	False	36	Poor	5	119	20	137	115	112.22	256	60	20	0.0
sub-0350	B	56	M	7	True	False	33	Good	1	23	67	89	23	22.62	250	50	19	0.0
sub-0351	B	59	M	18	True	True	33	Good	1	46	6	51	46	44.31	250	50	19	0.0435
sub-0352	A	52	M	n/a	n/a	n/a	36	Good	1	48	21	70	42	39.73	500	50	19	0.0476
sub-0353	F	62	F	n/a	False	True	n/a	Poor	5	99	9	414	89	87.69	256	60	20	0.0
sub-0354	E	40	M	5	True	True	33	Good	2	223	5	325	220	215.87	256	60	19/20	0.0
sub-0355	A	70	M	n/a	True	True	33	Good	1	67	9	107	66	64.72	256	50	20	0.05
sub-0356	A	82	F	n/a	True	False	33	Poor	5	1	3	3	1	0.68	256	50	20	0.05
sub-0357	A	52	F	n/a	True	True	33	Good	1	48	2	48	47	46.33	256	50	20	0.0496
sub-0358	E	70	F	25	True	False	36	Poor	5	126	25	146	121	119.58	256	60	20/21	0.0385
sub-0359	A	80	M	n/a	True	n/a	33	Poor	5	47	3	49	47	45.68	256	50	20	0.05
sub-0360	B	69	M	25	False	False	33	Poor	5	23	39	61	23	22.69	250	50	19	0.0
sub-0361	A	72	M	n/a	True	False	33	Poor	5	30	16	44	29	28.74	256	50	20	0.05
sub-0362	A	55	M	n/a	True	True	33	Good	1	48	3	49	47	45.34	512	50	20	0.0
sub-0363	B	83	M	10	True	False	33	Good	2	249	6	254	249	247.74	250	50	19	0.0
sub-0364	B	53	M	70	True	False	33	Poor	5	25	4	28	25	23.95	250	50	19	0.04
sub-0365	A	68	M	n/a	True	True	33	Good	1	27	14	39	26	24.9	512	50	20	0.1305
sub-0366	E	66	F	30	True	False	33	Poor	5	80	30	106	77	75.34	512	60	20	0.0345
sub-0367	B	88	M	10	False	True	33	Good	1	73	20	92	73	72.82	250	50	19	0.0
sub-0368	F	62	F	17	False	False	n/a	Poor	5	120	13	119	107	106.16	256	60	20	0.0
sub-0369	A	82	M	n/a	True	False	33	Poor	5	48	8	50	43	42.15	256	50	20	0.1062
sub-0370	A	72	F	n/a	True	False	33	Poor	5	4	5	7	3	1.73	500	50	19	0.0476
sub-0371	A	57	M	n/a	True	False	36	Poor	3	35	14	42	29	27.74	500	50	19	0.0476
sub-0372	B	74	F	5	True	False	33	Poor	5	16	5	20	16	15.0	250	50	19	0.0
sub-0373	F	36	F	30	True	True	n/a	Good	1	130	17	132	116	114.67	256	60	20	0.0538
sub-0375	E	54	M	17	True	False	33	Poor	5	89	17	97	79	77.27	512	60	21	0.0357
sub-0376	B	78	M	50	False	False	33	Poor	5	24	36	59	24	22.22	250	50	19	0.0
sub-0377	F	34	M	30	True	False	n/a	Good	2	200	8	185	178	177.7	256	60	20	0.005
sub-0378	A	60	M	n/a	True	True	33	Poor	5	55	6	58	53	51.53	256	50	20	0.0
sub-0379	A	78	M	n/a	True	True	33	Poor	5	37	18	47	30	28.47	500	50	19	0.0476
sub-0380	F	56	F	10	True	False	n/a	Poor	5	96	9	97	87	85.57	256	60	20	0.0
sub-0382	B	74	F	36	True	False	33	Poor	5	58	12	69	58	56.83	250	50	19	0.0172
sub-0383	F	44	F	27	True	False	n/a	Poor	5	74	13	78	66	65.16	256	60	20	0.0
sub-0384	F	72	M	n/a	False	False	n/a	Good	1	91	8	529	83	80.34	256	60	20	0.011
sub-0385	A	51	F	n/a	True	True	36	Poor	5	65	9	61	53	51.8	500	50	19	0.0476
sub-0387	A	65	M	n/a	n/a	n/a	36	Good	2	70	3	59	57	55.64	500	50	19	0.0476
sub-0389	D	56	M	n/a	n/a	False	n/a	Poor	5	13	5	17	13	11.55	512	60	20	0.0
sub-0390	A	56	M	n/a	True	True	33	Good	1	31	17	46	30	29.61	256	50	20	0.0242
sub-0391	B	68	F	50	True	True	33	Poor	5	215	21	235	215	213.5	250	50	19	0.0326
sub-0392	A	63	M	n/a	True	False	33	Poor	5	87	21	90	70	69.14	500	50	19	0.0476
sub-0394	E	26	M	5	False	False	36	Poor	5	36	5	44	33	30.22	512	60	20	0.1149
sub-0395	A	61	M	n/a	True	True	33	Good	1	88	13	87	72	69.79	500	50	19	0.0452
sub-0396	A	68	F	n/a	True	True	33	Poor	5	49	8	55	48	46.74	512	50	20	0.0515
sub-0397	A	66	M	n/a	n/a	n/a	36	Good	1	154	16	139	124	122.94	500	50	19	0.0476
sub-0398	B	62	M	60	True	True	33	Poor	5	11	5	15	11	9.99	250	50	19	0.0
sub-0399	A	76	M	n/a	True	False	33	Poor	5	88	17	87	71	70.32	500	50	19	0.0476
sub-0400	E	57	M	10	True	False	33	Poor	5	58	10	63	54	52.0	256	60	20	0.0
sub-0402	A	69	M	n/a	True	False	33	Poor	5	72	17	87	71	69.83	256/2048	50	20	0.0153
sub-0403	B	47	M	27	False	False	n/a	Poor	5	102	12	113	102	101.01	250	50	19	0.0392
sub-0404	B	47	F	90	False	True	33	Good	1	22	12	33	22	20.75	250	50	19	0.0
sub-0405	B	26	n/a	2	False	False	33	Poor	5	20	8	27	20	19.2	250	50	19	0.0
sub-0406	A	75	M	n/a	n/a	n/a	36	Poor	3	65	20	72	53	51.87	500	50	19	0.0476
sub-0407	D	29	M	n/a	n/a	False	n/a	Poor	5	56	13	79	56	53.59	256	60	20	0.0345
sub-0409	B	50	M	25	True	True	33	Poor	5	26	15	40	26	24.71	250	50	19	0.0
sub-0410	F	68	M	n/a	True	True	n/a	Good	1	72	8	72	65	63.47	256	60	20	0.0
sub-0411	F	74	M	11	False	False	n/a	Poor	5	54	9	57	49	48.0	256	60	20	0.0
sub-0412	B	57	M	10	True	True	33	Good	1	24	17	40	24	22.48	250	50	19	0.0
sub-0413	A	52	F	n/a	n/a	n/a	36	Good	1	92	12	85	74	73.01	500	50	19	0.0476
sub-0414	A	53	M	n/a	True	True	33	Good	1	9	16	24	9	8.36	256	50	20	0.0476
sub-0415	A	73	F	n/a	True	True	33	Good	2	70	4	70	67	65.79	256	50	20	0.255
sub-0416	B	50	F	34	True	True	33	Good	1	28	4	31	28	26.61	250	50	19	0.0
sub-0417	B	67	M	22	False	False	33	Poor	5	25	22	46	25	23.99	250	50	19	0.0
sub-0418	B	82	M	20	True	False	33	Poor	5	19	14	32	19	17.83	250	50	19	0.0
sub-0419	B	44	F	15	True	False	33	Poor	5	47	10	56	47	45.99	250	50	19	0.2553
sub-0420	A	74	M	n/a	True	False	33	Poor	5	48	5	49	45	43.51	256	50	20	0.1792
sub-0421	A	79	M	n/a	False	False	33	Poor	5	54	4	55	52	50.49	256	50	20	0.05
sub-0422	F	42	M	n/a	True	False	n/a	Good	1	39	16	51	36	35.17	256	60	20	0.0
sub-0423	E	71	F	25	False	False	33	Poor	5	49	25	72	48	46.65	256	60	20	0.0
sub-0424	B	20	M	33	False	False	33	Good	2	71	3	73	71	69.53	250	50	19	0.1127
sub-0426	E	75	F	55	True	False	33	Poor	5	3	55	57	3	1.87	256	60	20	0.0
sub-0427	A	67	M	n/a	True	True	33	Good	1	91	16	88	73	72.38	500	50	19	0.0476
sub-0428	A	32	M	n/a	True	False	33	Poor	5	55	11	63	53	52.14	256	50	20	0.0
sub-0429	D	67	F	16	True	True	33	Poor	5	80	7	83	77	75.61	512	60	20	0.0
sub-0430	D	66	M	13	True	False	33	Poor	5	177	13	185	170	167.25	200	60	20	0.0343
sub-0431	F	60	F	40	False	False	n/a	Good	2	44	13	143	40	38.32	256	60	20	0.0
sub-0432	F	90	F	17	True	False	33	Poor	5	17	5	21	17	15.68	256	60	20	0.0345
sub-0433	A	63	M	n/a	True	False	33	Good	1	45	12	57	45	42.74	256	50	20	0.18
sub-0434	B	47	F	21	False	True	33	Good	2	26	24	49	26	24.5	250	50	19	0.0
sub-0435	D	76	F	n/a	n/a	False	n/a	Good	1	83	17	96	80	78.96	512	60	20	0.0
sub-0436	B	38	F	12	False	False	33	Poor	5	20	27	46	20	19.46	250	50	19	0.0
sub-0437	D	81	M	n/a	True	False	n/a	Poor	5	81	27	103	77	75.87	256	60	20	0.0471
sub-0438	D	53	M	26	True	True	33	Good	1	55	9	62	54	53.32	256	60	20	0.0823
sub-0439	A	79	M	n/a	n/a	n/a	36	Good	1	92	19	92	74	73.26	500	50	19	0.0476
sub-0440	E	72	F	25	True	True	33	Poor	5	15	25	39	15	13.71	256	60	20	0.0345
sub-0441	A	64	M	n/a	True	True	33	Poor	5	24	10	29	20	19.37	500	50	19	0.0476
sub-0442	A	50	M	n/a	True	True	33	Poor	5	74	27	101	61	59.36	500	50	19	0.0476
sub-0443	D	31	M	20	True	False	33	Good	1	52	29	143	52	50.07	200/512	60	20	0.0275
sub-0444	D	71	M	n/a	n/a	False	n/a	Poor	5	22	26	46	21	19.72	256	60	20	0.0323
sub-0445	E	66	M	10	n/a	False	33	Poor	5	15	10	24	15	13.84	256	60	20	0.0
sub-0446	B	53	F	20	False	False	33	Poor	5	28	20	47	28	27.11	250	50	19	0.0
sub-0447	A	78	M	n/a	True	True	33	Poor	5	51	19	67	49	47.83	256	50	20	0.0644
sub-0448	D	72	M	18	True	True	33	Good	1	99	8	174	97	94.2	256/512	60	20	0.0446
sub-0450	D	20	F	n/a	True	False	n/a	Poor	5	36	10	46	36	34.13	256	60	20	0.0345
sub-0451	A	73	M	n/a	False	True	33	Good	1	75	4	76	73	71.83	256	50	20	0.052
sub-0452	B	82	M	15	True	True	33	Poor	5	24	13	36	24	22.65	250	50	19	0.0
sub-0453	B	89	F	5	False	False	33	Poor	5	35	3	37	35	34.75	250	50	19	0.0
sub-0455	A	55	M	n/a	False	True	33	Good	1	52	4	45	42	41.86	500	50	19	0.0476
sub-0456	B	78	M	4	False	True	33	Good	1	25	11	35	25	24.2	250	50	19	0.0
sub-0457	B	68	M	15	True	True	33	Good	2	24	26	49	24	23.4	250	50	19	0.125
sub-0458	A	59	F	n/a	True	True	33	Poor	5	30	23	51	29	28.04	256	50	20	0.0
sub-0459	A	72	F	n/a	True	True	33	Poor	5	20	6	24	19	18.47	256	50	20	0.0476
sub-0460	A	45	F	n/a	True	True	33	Poor	5	98	12	108	97	94.28	256	50	20	0.0536
sub-0461	B	19	F	3	False	True	33	Good	1	25	22	46	25	24.19	250	50	19	0.0
sub-0462	A	76	F	n/a	True	True	33	Good	1	89	6	93	88	87.04	256	50	20	0.0624
sub-0463	A	23	F	n/a	True	False	33	Poor	5	46	6	50	45	43.91	256	50	20	0.013
sub-0464	A	46	F	n/a	True	True	33	Poor	5	18	4	21	17	15.07	256	50	20	0.0556
sub-0465	F	44	M	17	True	False	n/a	Poor	5	31	6	34	29	28.12	256	60	20	0.0645
sub-0466	E	71	F	10	True	False	33	Poor	5	88	10	95	86	85.01	256	60	20	0.0
sub-0467	A	61	M	n/a	True	False	33	Good	1	29	18	45	28	26.41	256	50	20	0.0017
sub-0468	A	60	F	n/a	True	False	33	Poor	5	100	11	108	98	96.88	256	50	20	0.0535
sub-0469	A	57	F	n/a	True	True	33	Good	2	30	15	39	25	24.0	500	50	19	0.0476
sub-0470	B	59	M	8	True	True	33	Good	1	19	4	22	19	18.97	250	50	19	0.0
sub-0471	F	58	M	25	True	True	n/a	Good	1	69	11	263	62	60.3	256	60	20	0.0
sub-0472	F	36	F	19	True	False	n/a	Poor	5	389	11	357	347	345.68	256	60	20	0.0334
sub-0473	B	67	M	4	False	False	33	Poor	5	112	6	117	112	110.88	250	50	19	0.0179
sub-0474	A	64	M	n/a	True	True	33	Poor	5	51	52	219	49	47.57	250/256	50	19/20	0.0559
sub-0475	A	66	M	n/a	n/a	n/a	36	Good	1	96	20	96	77	76.58	500	50	19	0.0476
sub-0476	B	26	M	40	True	False	33	Poor	5	22	19	40	22	21.04	250	50	19	0.0
sub-0477	A	48	F	n/a	True	False	33	Poor	5	34	11	62	33	30.81	256	50	20	0.2101
sub-0479	A	48	F	n/a	True	True	33	Good	1	46	13	56	44	43.11	256	50	20	0.0011
sub-0481	A	76	M	n/a	True	True	33	Poor	5	115	5	115	111	110.33	256	50	20	0.0574
sub-0482	E	35	F	20	True	False	33	Poor	5	63	20	81	60	58.53	256/512	60	20/21	0.0898
sub-0483	A	79	F	n/a	True	n/a	36	Poor	5	34	15	42	28	26.38	500	50	19	0.0476
sub-0484	A	81	M	n/a	n/a	n/a	36	Good	2	60	21	69	49	47.93	500	50	19	0.0476
sub-0485	E	55	M	10	True	True	33	Poor	5	47	10	54	45	44.26	256	60	21	0.0357
sub-0486	A	48	M	n/a	True	True	33	Good	2	140	19	93	73	69.78	500	50	19	0.0476
sub-0487	B	66	F	10	False	False	33	Good	1	22	23	44	22	20.52	250	50	19	0.0455
sub-0490	F	21	M	n/a	True	True	n/a	Good	1	71	25	88	64	62.97	256	60	20	0.0423
sub-0492	B	70	F	22	True	False	33	Poor	5	47	6	52	47	46.13	250	50	19	0.0
sub-0493	A	67	M	n/a	True	True	33	Poor	5	57	25	70	46	44.44	500	50	19	0.0476
sub-0495	A	52	M	n/a	True	True	33	Good	1	63	19	69	51	50.11	500	50	19	0.0476
sub-0496	D	82	M	n/a	n/a	False	n/a	Poor	5	74	14	84	71	69.77	256	60	20	0.036
sub-0497	A	34	M	n/a	True	True	33	Good	1	38	6	36	31	30.34	500	50	19	0.0476
sub-0498	B	68	M	27	True	True	33	Good	1	5	24	28	5	4.25	250	50	19	0.0
sub-0500	E	61	F	10	True	False	33	Poor	5	19	10	28	19	18.76	256	60	20	0.0
sub-0501	A	54	M	n/a	True	True	36	Good	2	81	15	87	66	64.13	500	50	19	0.0476
sub-0502	A	43	M	n/a	True	True	36	Good	1	61	13	61	49	48.34	500	50	19	0.0476
sub-0504	A	61	M	n/a	n/a	n/a	36	Good	1	63	22	72	51	49.79	500	50	19	0.0476
sub-0505	E	71	M	25	False	False	36	Poor	5	40	25	66	35	32.32	256/512	60	20	0.0345
sub-0506	A	66	M	n/a	n/a	n/a	36	Good	1	58	3	49	47	46.01	500	50	19	0.0476
sub-0507	D	70	M	n/a	n/a	True	n/a	Poor	5	55	13	65	53	52.12	512	60	20	0.0
sub-0508	B	63	M	19	False	True	33	Poor	5	29	8	36	29	28.23	250	50	19	0.069
sub-0510	E	60	M	15	True	True	36	Poor	5	16	15	54	16	13.94	256	60	20	0.0345
sub-0512	E	64	M	60	True	False	33	Poor	5	36	61	116	35	33.62	256	60	20/21	0.0365
sub-0513	A	27	M	n/a	True	False	33	Poor	5	53	16	67	52	51.0	256	50	20	0.05
sub-0514	D	47	M	50	True	True	33	Poor	5	38	9	53	38	35.07	512	60	20	0.0
sub-0515	E	27	F	20	True	False	33	Poor	5	64	20	81	62	60.92	256	60	20	0.0
sub-0517	D	85	M	10	True	True	33	Poor	5	54	33	82	50	49.04	512	60	20	0.0
sub-0518	F	66	M	9	False	False	n/a	Poor	5	100	10	99	90	88.24	256	60	20	0.0
sub-0519	B	50	M	35	True	True	33	Poor	5	5	18	22	5	3.94	250	50	19	0.0
sub-0520	D	25	M	29	True	False	33	Poor	5	62	13	81	62	57.93	256	60	20	0.0
sub-0521	B	59	M	17	False	True	33	Poor	5	48	3	50	48	46.71	250	50	19	0.0
sub-0522	A	68	M	n/a	True	True	33	Poor	5	89	32	210	85	83.14	256	50	20	0.0482
sub-0523	A	81	F	n/a	True	False	33	Poor	5	48	17	63	47	46.06	256	50	20	0.2271
sub-0525	A	69	M	n/a	True	True	33	Poor	3	88	3	73	71	69.83	500	50	19	0.0476
sub-0526	A	62	M	n/a	True	True	33	Good	1	74	16	87	72	70.44	256	50	20	0.1081
sub-0527	B	68	M	8	False	True	33	Poor	3	74	9	82	74	72.68	250	50	19	0.0
sub-0529	D	67	M	35	True	True	36	Poor	5	28	19	46	28	27.61	200	60	20	0.0345
sub-0530	A	57	M	n/a	n/a	n/a	36	Poor	3	88	18	88	71	70.31	500	50	19	0.0476
sub-0531	A	49	F	n/a	True	False	33	Poor	5	60	3	51	49	48.0	500	50	19	0.0476
sub-0532	A	49	M	n/a	True	False	33	Poor	5	176	3	219	169	165.68	250/256/2048	50	19/20	0.567
sub-0533	E	49	F	20	n/a	True	33	Poor	5	119	20	140	117	114.33	256	60	21	0.0357
sub-0535	B	67	M	42	True	False	n/a	Poor	5	52	20	71	52	51.44	250	50	19	0.0
sub-0536	A	66	F	n/a	True	True	33	Poor	5	34	23	50	28	26.35	500	50	19	0.0476
sub-0538	D	70	M	24	True	True	33	Poor	5	47	20	64	45	43.93	200	60	20	0.0345
sub-0539	D	37	M	52	True	False	33	Poor	5	79	17	92	76	74.77	256	60	20	0.0345
sub-0540	B	69	M	22	True	True	33	Good	2	21	3	23	21	20.22	250	50	19	0.1905
sub-0541	A	71	M	n/a	True	True	33	Poor	5	11	4	14	11	9.55	256	50	20	0.05
sub-0542	B	53	F	20	True	True	n/a	Poor	5	74	17	90	74	73.07	250	50	19	0.0135
sub-0543	D	42	F	14	True	False	33	Good	1	40	14	59	40	39.18	256	60	20	0.0345
sub-0544	A	65	M	n/a	True	True	33	Good	1	98	4	98	95	94.39	256	50	20	0.0954
sub-0545	B	65	F	18	True	True	33	Poor	5	45	65	109	45	44.78	250	50	19	0.0
sub-0546	A	55	M	n/a	True	True	36	Good	1	20	19	67	19	16.0	500	50	19	0.0476
sub-0547	A	79	F	n/a	True	True	33	Poor	5	115	6	116	111	109.61	256/2048	50	20	0.1418
sub-0548	A	55	M	n/a	True	True	33	Good	2	47	20	65	46	44.84	256	50	20	0.3032
sub-0549	A	48	F	n/a	n/a	n/a	36	Good	1	83	16	82	67	65.81	500	50	19	0.0476
sub-0550	E	57	F	15	True	False	33	Poor	5	8	15	22	8	7.15	256	60	20	0.0
sub-0552	D	30	F	25	True	False	33	Good	1	94	28	118	91	89.8	256	60	20	0.0476
sub-0553	A	74	F	n/a	n/a	n/a	36	Poor	3	179	0	143	144	143.07	500	50	19	0.0476
sub-0554	A	59	M	n/a	n/a	n/a	36	Poor	5	30	6	32	25	23.85	500	50	19	0.0476
sub-0555	A	43	F	n/a	False	True	33	Good	1	69	4	70	67	65.17	256	50	20	0.065
sub-0556	B	50	F	5	True	True	33	Good	1	25	6	30	25	24.48	250	50	19	0.0
sub-0558	B	71	F	15	True	False	33	Poor	5	78	12	89	78	76.62	250	50	19	0.0
sub-0559	F	53	F	32	False	True	n/a	Good	1	51	30	76	47	45.92	200	60	20	0.0784
sub-0560	A	70	M	n/a	True	False	33	Poor	5	57	27	81	55	53.86	256	50	20	0.0114
sub-0561	E	39	F	30	True	False	33	Poor	5	16	30	44	15	14.29	512	60	20/21	0.087
sub-0562	A	85	M	n/a	True	True	36	Poor	5	76	2	66	62	60.58	500	50	19	0.0476
sub-0563	E	54	M	15	n/a	False	33	Good	2	16	15	29	15	13.74	256	60	21	0.0357
sub-0564	A	64	M	n/a	True	True	33	Poor	5	43	7	49	43	42.02	256	50	20	0.05
sub-0565	E	75	F	30	True	False	33	Poor	5	71	30	97	68	67.39	256	60	20	0.0
sub-0566	F	83	M	15	False	False	n/a	Poor	3	225	7	287	202	198.29	256	60	20	0.0089
sub-0567	A	77	F	n/a	True	True	33	Good	1	102	13	111	99	97.19	512/2048	50	20	0.05
sub-0568	B	62	M	4	False	False	n/a	Poor	5	46	7	52	46	44.16	250	50	19	0.0217
sub-0569	A	20	M	n/a	True	False	33	Poor	5	3	3	4	2	0.91	256/2048	50	20	0.2222
sub-0570	A	68	M	n/a	True	True	33	Poor	5	87	7	76	70	69.55	500	50	19	0.0476
sub-0571	A	62	M	n/a	True	True	33	Good	2	48	5	52	48	46.63	256	50	20	0.05
sub-0573	A	82	M	n/a	True	True	33	Good	1	68	12	66	55	54.46	500	50	19	0.0476
sub-0574	A	74	M	n/a	True	True	33	Good	1	104	3	104	101	98.75	256	50	20	0.0495
sub-0575	D	54	M	20	True	True	33	Good	1	54	41	91	51	49.31	256/512	60	20	0.0596
sub-0576	F	48	F	n/a	True	False	n/a	Poor	5	33	17	47	31	28.66	200	60	20	0.0582
sub-0577	F	59	F	27	True	False	n/a	Poor	5	12	11	21	11	10.62	200	60	20	0.0
sub-0579	D	65	M	96	True	False	33	Poor	5	28	16	42	27	25.73	256	60	20	0.0476
sub-0580	D	59	M	8	True	False	33	Good	1	50	19	66	48	47.56	512	60	20	0.0
sub-0582	A	73	M	n/a	True	True	33	Good	2	51	3	51	49	48.55	256	50	20	0.0
sub-0584	A	52	M	n/a	True	True	33	Good	1	60	5	62	58	56.82	256	50	20	0.1358
sub-0585	B	76	M	24	True	False	33	Poor	5	45	11	55	45	44.9	250	50	19	0.0
sub-0586	D	56	M	8	False	False	33	Good	1	42	13	57	42	38.99	512	60	20	0.0
sub-0587	A	68	F	n/a	True	True	33	Good	1	95	9	95	87	85.52	256	50	20	0.1147
sub-0588	B	76	F	63	False	False	n/a	Poor	5	11	13	23	11	10.09	250	50	19	0.0909
sub-0589	A	58	M	n/a	False	False	33	Good	2	10	17	44	10	8.0	500	50	19	0.0476
sub-0590	B	71	M	15	False	True	33	Good	1	41	46	86	41	39.78	250	50	19	0.0
sub-0591	A	47	F	n/a	n/a	n/a	36	Poor	3	89	5	76	72	71.38	500	50	19	0.0476
sub-0592	F	n/a	n/a	n/a	True	False	n/a	Good	1	78	5	74	70	68.58	256	60	20	0.0
sub-0593	B	69	F	5	False	False	33	Poor	5	26	31	56	26	24.59	250	50	19	0.0
sub-0595	A	47	M	n/a	True	True	33	Good	1	70	8	74	67	63.88	256	50	20	0.2932
sub-0597	E	90	M	9	True	False	33	Poor	5	42	9	240	41	36.9	256	60	20/21	0.0356
sub-0598	A	51	M	n/a	True	True	33	Good	1	80	14	78	65	64.0	500	50	19	0.0476
sub-0600	F	59	M	40	True	False	n/a	Poor	5	108	16	270	93	89.24	512	60	20	0.0
sub-0601	D	47	M	n/a	n/a	True	n/a	Poor	5	54	67	118	52	51.0	256	60	20	0.0345
sub-0602	A	82	M	n/a	True	True	33	Poor	5	52	4	54	51	49.64	256	50	20	0.0596
sub-0604	A	61	M	n/a	False	True	33	Poor	5	107	3	103	101	99.04	256	50	20	0.2785
sub-0605	A	57	M	n/a	True	True	33	Poor	5	35	22	50	29	28.0	500	50	19	0.0476
sub-0606	D	80	M	n/a	n/a	False	n/a	Poor	5	47	11	59	47	44.92	512	60	20	0.0
sub-0607	D	45	M	60	True	True	33	Poor	5	26	14	85	26	24.32	200	60	20	0.0345
sub-0609	B	79	F	27	True	False	33	Good	1	41	53	93	41	39.65	250	50	19	0.0
sub-0610	B	67	M	45	True	True	33	Poor	5	141	14	154	141	139.64	250	50	19	0.0
sub-0611	B	40	M	14	False	False	33	Poor	5	46	6	51	46	45.02	250	50	19	0.0
sub-0612	A	54	M	n/a	True	True	33	Poor	5	28	21	46	26	24.2	256	50	20	0.0
sub-0613	A	69	F	n/a	n/a	n/a	36	Poor	5	88	6	76	71	70.01	500	50	19	0.0762
sub-0614	A	54	M	n/a	True	True	33	Good	1	42	2	41	40	38.64	256	50	20	0.0
sub-0615	B	70	M	10	False	True	33	Good	1	47	48	94	47	45.83	250	50	19	0.0638
sub-0616	E	40	M	n/a	True	True	33	Good	1	46	9	50	42	39.27	512	60	20/21	0.0347
sub-0617	B	55	M	22	True	True	33	Poor	5	71	4	74	71	70.08	250	50	19	0.0
sub-0618	F	79	F	n/a	True	True	n/a	Good	2	50	18	73	48	45.53	256	60	20	0.1
sub-0619	E	58	F	30	True	False	33	Poor	5	19	30	48	19	18.26	512	60	21	0.141
sub-0621	A	72	M	n/a	False	False	33	Poor	5	30	18	46	29	27.67	256	50	20	0.0
sub-0623	F	77	M	20	True	False	n/a	Poor	5	23	22	42	21	20.5	200	60	20	0.0
sub-0624	F	67	M	n/a	True	False	n/a	Good	1	78	4	75	72	70.33	200	60	20	0.0
sub-0625	E	46	M	30	True	False	33	Poor	3	26	30	55	26	24.89	256	60	20	0.0015
sub-0626	E	80	M	60	True	False	33	Poor	5	28	61	87	27	26.85	256	60	20	0.0
sub-0627	F	44	F	44	True	True	n/a	Good	1	70	10	75	66	64.01	200	60	20	0.0143
sub-0628	E	63	M	5	True	False	33	Poor	5	14	5	17	13	12.59	256	60	20	0.0345
sub-0629	B	66	M	1	False	False	33	Good	1	45	2	46	45	44.29	250	50	19	0.0
sub-0630	D	50	F	35	False	False	33	Poor	3	81	18	94	77	75.63	200	60	20	0.0345
sub-0631	A	49	F	n/a	True	True	33	Poor	5	55	5	57	53	52.1	256	50	20	0.0482
sub-0632	B	58	M	20	False	False	33	Poor	5	52	9	60	52	51.22	250	50	19	0.0192
sub-0633	A	80	M	n/a	True	False	33	Poor	5	5	3	7	5	3.41	500	50	19	0.0476
sub-0634	A	69	M	n/a	True	True	33	Poor	5	69	7	92	69	66.28	250/256	50	19/20	0.1423
sub-0635	D	77	M	15	False	False	33	Poor	5	32	18	51	32	30.45	512	60	20	0.0
sub-0636	A	63	M	n/a	n/a	n/a	36	Poor	5	20	16	32	17	15.97	500	50	19	0.0366
sub-0637	D	32	M	n/a	n/a	True	n/a	Poor	5	51	43	212	48	46.11	256/512	60	20	0.0008
sub-0638	F	74	F	17	False	False	n/a	Good	1	30	23	50	28	26.7	256	60	20	0.0
sub-0639	A	63	F	n/a	True	True	33	Good	1	71	4	72	69	67.7	256	50	20	0.069
sub-0641	D	75	F	15	False	True	36	Poor	5	58	22	91	58	55.97	200	60	20	0.0345
sub-0642	E	84	M	6	True	True	33	Poor	5	51	6	55	49	47.27	200	60	20	0.0345
sub-0644	A	44	F	n/a	True	True	33	Good	1	47	3	47	45	43.58	256	50	20	0.0011
sub-0645	F	36	M	n/a	False	False	n/a	Good	2	132	5	273	122	119.91	200	60	20	0.0
sub-0646	A	56	M	n/a	True	True	33	Good	1	67	2	65	64	62.94	256	50	20	0.1806
sub-0647	F	39	M	n/a	True	True	n/a	Good	1	168	11	149	139	138.47	512	60	20	0.0
sub-0648	B	66	M	10	True	False	33	Poor	5	30	15	44	30	29.07	250	50	19	0.0
sub-0649	A	60	M	n/a	True	True	33	Good	1	43	4	44	41	40.16	256	50	20	0.0476
sub-0650	A	70	M	n/a	True	True	33	Poor	5	73	10	81	72	70.23	256	50	20	0.05
sub-0651	A	60	F	n/a	True	True	33	Good	1	43	11	52	42	40.58	256	50	20	0.2756
sub-0652	D	42	F	67	True	False	33	Poor	5	9	10	18	9	8.07	200	60	20	0.0345
sub-0655	D	86	F	60	False	True	33	Poor	5	24	6	56	24	22.08	200	60	20	0.0345
sub-0656	A	62	M	n/a	True	True	36	Poor	5	8	4	10	7	5.16	500	50	19	0.0476
sub-0657	D	34	M	18	True	False	33	Poor	5	81	18	95	78	76.12	256	60	20	0.0345
sub-0658	A	71	M	n/a	True	True	33	Poor	5	89	21	92	72	70.89	500	50	19	0.0476
sub-0660	F	60	M	21	True	False	n/a	Poor	5	32	26	54	29	27.81	256	60	20	0.0
sub-0661	A	78	F	n/a	True	False	33	Poor	5	23	56	78	23	21.87	256	50	20	0.3826
sub-0663	E	38	M	5	False	False	36	Poor	5	25	5	87	25	22.94	256/512	60	20/21	0.0598
sub-0665	A	44	F	n/a	True	True	33	Good	1	40	5	43	39	38.01	256	50	20	0.0571
sub-0666	F	81	F	n/a	n/a	False	n/a	Poor	5	1	22	22	1	0.77	256	60	20	0.0
sub-0668	A	73	M	n/a	False	True	33	Poor	5	83	9	106	80	76.29	256	50	20	0.1066
sub-0669	F	61	M	15	False	False	33	Poor	5	40	23	64	40	38.6	512	60	20	0.025
sub-0670	A	79	F	n/a	True	False	33	Poor	5	33	35	64	30	28.66	256	50	20	0.1
sub-0671	A	75	M	n/a	True	True	33	Poor	5	20	3	21	19	18.74	256	50	20	0.5738
sub-0672	A	56	F	n/a	n/a	n/a	36	Poor	5	180	8	152	145	142.31	500	50	19	0.0615
sub-0673	A	54	M	n/a	True	True	33	Good	2	71	6	74	69	67.86	256	50	20	0.3063
sub-0674	A	53	M	n/a	True	True	33	Good	2	93	13	87	75	74.03	500	50	19	0.0476
sub-0675	B	66	M	4	False	False	33	Good	1	25	42	66	25	24.41	250	50	19	0.0
sub-0676	A	52	M	n/a	True	True	33	Good	1	64	12	63	52	51.6	500	50	19	0.0476
sub-0677	D	64	M	1	False	True	33	Poor	5	30	16	44	29	27.17	200	60	20	0.0345
sub-0678	F	74	M	n/a	False	False	n/a	Good	1	65	4	58	55	53.69	512	60	20	0.0154
sub-0679	E	86	M	5	True	True	n/a	Poor	5	59	5	61	57	56.29	512	60	21	0.1229
sub-0680	E	56	M	7	True	True	33	Good	1	64	7	69	63	62.44	256	60	20	0.0
sub-0681	A	71	M	n/a	True	False	33	Good	1	70	5	71	67	65.15	256	50	20	0.0529
sub-0682	B	64	M	37	True	False	33	Poor	3	31	20	50	31	30.4	250	50	19	0.0
sub-0683	B	67	M	25	True	False	33	Poor	5	98	16	113	98	97.03	250	50	19	0.0204
sub-0684	A	50	F	n/a	True	n/a	33	Good	2	47	4	49	46	44.05	256	50	20	0.05
sub-0685	E	50	M	10	True	True	33	Good	2	42	10	49	40	38.78	256	60	20	0.0
sub-0686	A	51	M	n/a	True	False	33	Good	1	129	19	142	124	122.4	256	50	20	0.0484
sub-0688	A	84	M	n/a	False	n/a	33	Poor	5	17	3	18	16	15.33	256	50	20	0.05
sub-0689	A	54	M	n/a	True	True	33	Good	1	96	6	98	93	91.93	256	50	20	0.0771
sub-0690	A	88	M	n/a	n/a	True	n/a	Poor	5	95	3	51	49	47.68	500	50	19	0.0476
sub-0691	E	73	F	30	True	False	33	Poor	5	55	30	81	49	46.08	512	60	20/21	0.1216
sub-0692	A	40	M	n/a	True	True	33	Good	2	63	5	66	62	60.7	256	50	20	0.05
sub-0693	B	48	M	8	False	True	33	Poor	5	93	3	95	93	92.78	250	50	19	0.086
sub-0694	D	69	F	25	True	False	33	Good	1	33	29	60	32	30.2	200	60	20	0.0345
sub-0695	D	83	M	19	True	True	33	Poor	5	54	17	69	53	51.06	256	60	20	0.2133
sub-0697	D	84	M	30	True	False	33	Poor	5	24	17	39	23	21.95	256	60	20	0.0
sub-0699	B	75	M	5	True	False	33	Poor	5	45	18	62	45	44.7	250	50	19	0.0
sub-0700	D	75	M	30	True	False	33	Poor	5	100	10	105	96	94.72	512	60	20	0.0
sub-0701	E	69	M	5	True	False	33	Good	1	31	5	64	30	28.64	256/512	60	21	0.0357
sub-0702	B	21	M	60	False	True	n/a	Poor	5	12	1	12	12	11.2	250	50	19	0.0
sub-0703	A	72	M	n/a	True	True	33	Poor	5	9	8	16	9	8.15	256	50	20	0.0
sub-0706	D	90	M	15	False	False	33	Poor	5	43	27	71	43	41.04	200	60	20	0.0345
sub-0707	A	62	M	n/a	True	True	33	Good	1	30	5	29	25	23.9	500	50	19	0.0476
sub-0708	B	83	M	7	False	False	33	Poor	5	41	10	50	41	40.54	250	50	19	0.0
sub-0709	F	38	F	n/a	True	True	n/a	Good	1	68	10	70	61	59.43	256	60	20	0.0
sub-0710	D	75	M	n/a	True	False	n/a	Poor	5	126	3	141	126	119.91	256	60	20	0.0345
sub-0711	F	27	M	30	True	False	n/a	Poor	5	44	13	52	40	38.91	256	60	20	0.0455
sub-0712	D	26	F	6	True	True	33	Good	1	25	27	51	25	23.91	256	60	20	0.2
sub-0713	B	56	F	40	False	False	33	Poor	5	52	10	61	52	50.32	250	50	19	0.0192
sub-0714	B	70	F	20	True	False	33	Poor	5	51	14	64	51	50.11	250	50	19	0.0
sub-0715	A	62	M	n/a	True	True	33	Good	1	72	6	74	69	68.27	256	50	20	0.05
sub-0716	B	72	M	45	True	True	33	Poor	4	165	24	188	165	164.31	250	50	19	0.0121
sub-0717	A	69	M	n/a	True	True	33	Poor	3	92	16	90	75	72.81	500	50	19	0.0476
sub-0718	B	80	M	5	True	False	33	Poor	5	44	2	45	44	42.61	250	50	19	0.0682
sub-0719	E	61	M	30	True	False	36	Poor	5	40	30	278	38	35.1	256	60	21	0.1429
sub-0720	A	55	M	n/a	True	True	33	Good	2	5	8	12	5	4.0	500	50	19	0.0476
sub-0721	A	66	M	n/a	True	True	33	Good	1	48	17	63	47	46.32	256	50	20	0.0187
sub-0722	A	74	M	n/a	True	True	33	Good	1	91	6	78	73	71.34	500	50	19	0.0476
sub-0723	E	81	M	10	True	False	33	Poor	5	14	10	21	12	11.31	256	60	20	0.0
sub-0724	F	44	M	14	True	True	n/a	Poor	5	29	24	47	24	23.3	512	60	20	0.033
sub-0725	A	80	F	n/a	n/a	n/a	36	Poor	5	51	6	54	42	40.37	500	50	19	0.0476
sub-0726	A	71	M	n/a	True	False	33	Poor	5	55	6	50	45	44.0	500	50	19	0.0476
sub-0727	D	44	F	24	True	True	33	Good	1	27	41	66	26	25.64	256	60	20	0.0345
sub-0728	A	79	F	n/a	True	False	33	Poor	5	55	4	56	53	51.14	256	50	20	0.0
sub-0729	B	52	M	70	True	False	33	Poor	5	28	8	35	28	26.41	250	50	19	0.0
sub-0730	D	67	M	15	True	True	33	Poor	5	178	17	187	171	168.76	200	60	20	0.0343
sub-0731	A	81	M	n/a	n/a	n/a	36	Poor	5	90	19	92	73	72.04	500	50	19	0.0476
sub-0732	E	81	F	15	True	False	33	Poor	5	158	15	187	153	148.64	256/512	60	20/21	0.0476
sub-0734	B	52	M	45	True	True	n/a	Poor	4	218	19	236	218	217.27	250	50	19	0.0
sub-0736	B	52	M	18	True	True	33	Good	1	26	13	38	26	25.46	250	50	19	0.0
sub-0737	B	17	M	40	True	False	33	Poor	5	52	20	71	52	51.72	250	50	19	0.0192
sub-0738	E	54	F	5	True	True	33	Good	1	6	5	10	6	4.94	256	60	20	0.0
sub-0739	B	29	M	10	True	False	33	Good	1	45	0	44	45	43.22	250	50	19	0.0
sub-0740	E	64	M	30	True	True	33	Good	2	53	30	209	49	44.51	256/512	60	20/21	0.0938
sub-0741	A	60	M	n/a	True	True	33	Good	2	64	4	65	62	61.01	256	50	20	0.0547
sub-0742	A	67	M	n/a	True	True	33	Good	1	35	9	40	32	30.49	256	50	20	0.0
sub-0744	A	66	M	n/a	True	False	33	Poor	5	43	6	47	42	41.17	256	50	20	0.0942
sub-0745	A	64	M	n/a	True	True	33	Poor	5	69	13	68	56	54.14	500	50	19	0.0476
sub-0746	D	61	F	13	True	True	33	Good	1	47	4	48	45	43.71	256	60	20	0.0
sub-0747	B	62	M	24	False	False	33	Poor	5	33	5	37	33	31.76	250	50	19	0.0
sub-0748	E	85	F	12	True	True	33	Poor	4	119	12	195	112	109.67	256	60	20	0.0
sub-0749	F	26	F	n/a	True	False	n/a	Poor	5	50	9	53	45	44.2	256	60	20	0.0
sub-0750	A	57	M	n/a	True	True	33	Good	1	92	12	85	74	72.99	500	50	19	0.0476
sub-0751	A	68	M	n/a	True	True	36	Good	1	38	17	47	31	29.79	500	50	19	0.0476
sub-0752	F	64	M	10	False	True	n/a	Poor	3	140	9	662	126	122.59	256	60	20	0.0
sub-0753	B	58	F	2	False	True	33	Good	1	50	8	57	50	49.2	250	50	19	0.1
sub-0754	E	65	M	2	True	True	33	Good	1	62	2	63	62	61.84	256	60	20	0.0
sub-0755	D	78	F	70	False	False	33	Poor	5	124	16	155	123	117.13	200/256	60	20	0.0294
sub-0756	E	55	F	27	True	True	33	Poor	5	5	27	32	5	3.07	256	60	21	0.0357
sub-0757	A	56	M	n/a	True	True	33	Poor	5	20	6	25	20	19.56	256	50	20	0.2262
sub-0758	D	66	M	n/a	True	False	36	Poor	5	143	2	136	135	134.49	256	60	20	0.0
sub-0759	A	65	M	n/a	True	False	33	Poor	5	74	28	99	71	68.24	256	50	20	0.0912
sub-0760	E	56	M	25	True	False	36	Poor	5	31	25	54	30	28.82	1024	60	20/21	0.0385
sub-0761	B	16	M	100	False	False	33	Poor	5	24	20	43	24	22.61	250	50	19	0.0
sub-0764	D	44	F	15	True	True	33	Good	1	58	9	70	57	56.28	256	60	20	0.0805
sub-0765	A	81	F	n/a	True	True	33	Good	1	53	10	81	50	47.43	256	50	20	0.0
sub-0766	F	76	M	19	False	False	n/a	Poor	5	175	3	163	159	156.78	200/256	60	20	0.0229
sub-0767	B	54	F	10	False	False	33	Poor	5	26	19	44	26	25.71	250	50	19	0.0
sub-0768	E	76	M	5	True	True	33	Poor	5	41	5	42	38	36.65	200/256	60	20	0.0345
sub-0769	A	56	F	n/a	True	True	36	Poor	5	65	10	62	53	52.0	500	50	19	0.0476
sub-0770	B	87	M	8	False	True	33	Poor	5	26	8	33	26	24.72	250	50	19	0.0
sub-0771	B	84	M	33	True	False	33	Poor	5	53	17	69	53	52.75	250	50	19	0.0
sub-0772	E	62	F	14	True	False	33	Poor	3	48	14	83	47	45.19	256	60	20	0.0179
sub-0773	B	72	M	60	True	False	33	Poor	5	71	19	89	71	70.63	250	50	19	0.0
sub-0774	A	57	M	n/a	True	False	33	Poor	5	106	11	112	102	100.18	256	50	20	0.0
sub-0775	D	36	F	30	True	False	33	Poor	5	176	26	195	170	169.16	256	60	20	0.0
sub-0776	A	67	M	n/a	True	True	36	Good	1	28	4	26	23	21.92	500	50	19	0.0476
sub-0777	A	43	M	n/a	True	True	33	Good	1	27	8	33	26	24.5	256	50	20	0.0
sub-0778	B	65	M	16	True	False	33	Poor	5	26	49	74	26	25.83	250	50	19	0.0
sub-0779	A	56	M	n/a	True	True	33	Poor	5	90	5	77	73	71.54	500	50	19	0.0476
sub-0780	F	65	M	25	True	True	n/a	Good	1	58	8	56	49	47.24	512	60	20	0.0
sub-0781	D	72	M	20	False	False	33	Poor	5	58	20	87	58	55.45	512	60	20	0.0
sub-0782	A	67	M	n/a	True	True	36	Poor	5	4	3	6	4	3.05	256	50	20	0.05
sub-0783	D	80	M	62	True	False	33	Poor	5	65	13	89	65	60.92	512	60	20	0.0
sub-0784	D	53	F	25	True	True	33	Poor	4	150	29	178	145	141.25	200/256	60	20	0.0349
sub-0785	A	45	M	n/a	True	True	33	Good	2	70	14	81	68	66.14	256	50	20	0.0679
sub-0787	A	81	F	n/a	True	False	33	Poor	5	33	3	34	32	30.44	256	50	20	0.05
sub-0788	D	67	n/a	n/a	n/a	False	n/a	Poor	5	93	8	107	90	86.46	256	60	20	0.0468
sub-0789	E	48	F	6	False	False	33	Poor	5	51	6	75	49	46.01	256	60	20/21	0.036
sub-0790	A	65	M	n/a	True	True	33	Poor	5	21	14	34	21	20.08	256	50	20	0.05
sub-0792	D	65	M	95	True	False	33	Poor	5	5	21	25	5	4.25	200	60	20	0.0345
sub-0794	D	90	M	15	True	False	33	Poor	5	44	41	86	44	41.87	512	60	20	0.0
sub-0796	F	46	F	n/a	True	True	n/a	Poor	5	184	9	173	165	163.64	256	60	20	0.0109
sub-0797	A	74	F	n/a	False	False	33	Poor	5	69	3	78	67	64.53	256	50	20	0.3002
sub-0799	F	23	M	20	True	False	n/a	Good	1	55	12	62	51	50.5	200	60	20	0.0
sub-0800	A	79	M	n/a	True	True	33	Good	1	51	5	51	47	46.27	256	50	20	0.05
sub-0801	E	90	F	5	True	False	33	Poor	5	26	5	29	25	23.91	512	60	21	0.1511
sub-0804	D	22	M	n/a	False	False	n/a	Good	1	73	5	166	73	68.93	256/512	60	20	0.0206
sub-0805	E	64	F	45	True	False	33	Poor	5	162	45	185	141	139.6	256/1024	60	21	0.0357
sub-0806	A	55	M	n/a	True	False	33	Poor	5	34	9	41	33	31.59	256	50	20	0.1882
sub-0807	E	45	F	10	True	False	n/a	Poor	5	17	10	25	16	15.52	256	60	20	0.0345
sub-0808	A	66	F	n/a	False	False	33	Poor	5	32	7	37	31	30.15	256	50	20	0.05
sub-0809	A	49	F	n/a	True	True	33	Good	1	55	9	61	53	51.25	256	50	20	0.0627
sub-0810	A	66	F	n/a	True	True	33	Good	1	45	2	45	44	42.67	256	50	20	0.0633
sub-0811	A	64	M	n/a	True	False	33	Poor	5	39	9	46	38	37.28	256	50	20	0.2304
sub-0812	B	83	M	35	False	False	33	Poor	5	74	16	89	74	72.62	250	50	19	0.0
sub-0813	A	45	M	n/a	True	True	33	Good	1	27	17	42	26	25.36	256	50	20	0.0574
sub-0814	D	36	M	30	False	False	33	Good	1	48	5	50	46	45.64	256	60	20	0.0
sub-0816	A	59	M	n/a	True	True	33	Poor	5	49	4	50	47	46.33	256	50	20	0.2031
sub-0817	A	49	M	n/a	True	True	33	Good	1	33	17	43	27	26.4	500	50	19	0.0476
sub-0819	F	60	M	15	True	False	n/a	Poor	5	121	9	116	108	107.51	256	60	20	0.0083
sub-0820	D	62	M	19	True	False	33	Poor	5	22	9	30	22	21.31	256	60	20	0.0476
sub-0821	D	62	F	15	True	True	33	Good	1	81	16	93	78	76.37	256	60	20	0.0345
sub-0822	A	21	M	n/a	True	True	33	Poor	5	52	8	57	50	48.15	256	50	20	0.0
sub-0823	A	71	F	n/a	True	False	36	Poor	5	5	15	19	5	4.0	500	50	19	0.0476
sub-0824	A	72	F	n/a	False	False	33	Poor	3	24	13	35	23	21.95	256	50	20	0.0375
sub-0826	F	45	M	11	False	False	n/a	Good	2	55	21	70	50	48.59	256	60	20	0.0
sub-0827	A	43	M	n/a	True	True	33	Good	1	46	5	49	45	44.26	256	50	20	0.0685
sub-0828	A	78	M	n/a	True	False	33	Poor	5	57	7	52	46	45.01	500	50	19	0.0476
sub-0829	B	77	F	15	False	True	33	Poor	5	25	34	58	25	23.79	250	50	19	0.0
sub-0830	D	66	M	n/a	True	False	n/a	Good	1	53	23	73	51	50.28	256	60	20	0.0
sub-0831	A	75	M	n/a	n/a	n/a	36	Poor	5	24	3	22	20	18.66	500	50	19	0.0476
sub-0832	F	60	F	15	True	False	33	Poor	4	129	12	136	125	123.11	512	60	20	0.0
sub-0833	A	76	M	n/a	True	True	33	Good	1	62	5	79	59	56.64	256	50	20	0.0347
sub-0834	A	80	M	n/a	True	n/a	33	Poor	3	43	9	50	42	41.12	256	50	20	0.05
sub-0835	A	52	M	n/a	True	True	33	Good	1	28	13	39	27	25.33	256	50	20	0.0
sub-0837	A	59	M	n/a	True	True	33	Poor	5	10	5	14	10	9.66	256	50	20	0.05
sub-0838	A	77	F	n/a	True	True	33	Good	1	29	19	46	28	26.84	256	50	20	0.0
sub-0839	A	59	M	n/a	True	False	33	Poor	5	114	5	114	110	108.62	256	50	20	0.3755
sub-0840	A	58	M	n/a	True	True	33	Good	2	48	3	48	46	44.11	256	50	20	0.2969
sub-0841	A	67	F	n/a	True	True	33	Good	1	56	17	70	54	53.3	256	50	20	0.0714
sub-0843	A	40	F	n/a	False	True	33	Good	1	23	8	26	19	17.78	500	50	19	0.0476
sub-0844	B	65	M	9	False	True	33	Good	1	28	37	64	28	26.67	250	50	19	0.0
sub-0845	F	62	F	15	False	False	n/a	Poor	5	84	22	96	75	74.28	256	60	20	0.0
sub-0846	B	62	M	10	True	True	33	Good	1	23	17	39	23	22.09	250	50	19	0.0
sub-0847	F	37	F	16	False	True	n/a	Good	1	112	7	190	101	99.24	256	60	20	0.0536
sub-0848	A	69	M	n/a	True	True	33	Poor	5	2	5	6	2	1.23	256	50	20	0.0
sub-0850	B	52	M	30	False	False	n/a	Good	1	24	5	28	24	23.44	250	50	19	0.0
sub-0851	D	76	F	27	True	False	33	Poor	5	106	16	117	102	100.97	200	60	20	0.0342
sub-0852	D	71	M	n/a	True	False	n/a	Poor	5	52	24	83	52	49.03	256	60	20	0.0467
sub-0853	A	50	F	n/a	False	False	33	Poor	5	102	29	124	96	94.6	256	50	20	0.0627
sub-0854	F	58	M	17	False	False	n/a	Good	1	2	28	29	2	0.38	256	60	20	0.0
sub-0855	E	59	M	30	False	True	33	Good	1	43	30	72	43	42.42	256	60	20	0.0
sub-0856	B	61	M	60	True	True	33	Poor	5	8	43	50	8	6.22	250	50	19	0.0
sub-0857	B	62	F	30	True	True	33	Good	1	45	29	73	45	43.58	250	50	19	0.1778
sub-0858	B	19	M	16	True	False	33	Poor	5	43	4	46	43	41.96	250	50	19	0.0
sub-0859	B	53	M	80	True	True	33	Poor	5	76	20	95	76	75.03	250	50	19	0.0
sub-0860	A	72	M	n/a	True	True	33	Good	1	95	9	99	91	90.08	256	50	20	0.0126
sub-0861	B	81	F	10	True	True	33	Poor	5	44	5	48	44	43.05	250	50	19	0.0227
sub-0862	A	61	M	n/a	True	True	33	Good	2	70	5	72	68	67.12	256	50	20	0.0593
sub-0864	B	43	M	16	True	True	33	Good	1	25	14	38	25	24.39	250	50	19	0.0
sub-0865	B	87	M	15	False	False	33	Poor	5	25	6	30	25	24.16	250	50	19	0.0
sub-0866	A	59	M	n/a	True	False	33	Poor	5	82	23	101	79	77.8	256	50	20	0.0652
sub-0867	F	52	M	4	True	False	n/a	Poor	5	72	15	79	65	63.43	256	60	20	0.0
sub-0868	B	51	M	2	True	False	33	Poor	5	44	4	47	44	43.37	250	50	19	0.0
sub-0869	B	60	M	26	False	False	33	Poor	5	25	18	42	25	23.89	250	50	19	0.0
sub-0870	F	67	F	15	True	False	n/a	Poor	5	55	10	59	50	48.58	256	60	20	0.0
sub-0871	E	75	M	30	True	False	33	Poor	5	16	30	44	15	13.89	256	60	20/21	0.0401
sub-0872	A	57	F	n/a	True	n/a	33	Poor	5	44	2	44	43	41.7	256	50	20	0.0557
sub-0873	A	69	F	n/a	True	True	36	Good	1	89	3	75	73	70.81	500	50	19	0.0476
sub-0874	F	69	F	20	True	False	33	Poor	5	42	17	62	42	38.99	512	60	20	0.0476
sub-0875	A	70	F	n/a	True	True	33	Poor	5	82	22	85	64	62.62	200	50	19	0.0122
sub-0876	A	60	M	n/a	True	True	33	Poor	5	100	4	101	98	97.15	256	50	20	0.05
sub-0877	A	57	M	n/a	True	True	33	Good	1	88	18	88	71	69.95	500	50	19	0.0476
sub-0879	B	31	F	30	True	True	33	Poor	5	104	18	121	104	102.46	250	50	19	0.0192
sub-0880	D	53	M	n/a	True	False	n/a	Poor	5	18	1	18	18	17.16	512	60	20	0.0
sub-0881	B	76	M	7	True	False	33	Poor	5	49	14	62	49	48.01	250	50	19	0.0204
sub-0882	A	43	M	n/a	True	True	36	Good	1	64	14	66	53	52.36	500	50	19	0.0476
sub-0883	A	71	M	n/a	True	True	33	Poor	5	106	14	116	103	101.62	256	50	20	0.0123
sub-0884	A	62	M	n/a	True	False	33	Good	1	91	21	93	73	71.98	500	50	19	0.0476
sub-0885	A	63	M	n/a	True	False	33	Poor	5	48	6	52	46	44.54	256/2048	50	20	0.05
sub-0886	E	59	M	20	True	True	33	Poor	5	67	20	88	62	60.29	512	60	20	0.0345
sub-0887	A	67	M	n/a	True	True	36	Good	1	84	16	83	68	67.08	500	50	19	0.0476
sub-0888	E	82	M	15	False	False	n/a	Poor	5	19	15	33	19	18.49	1024	60	21	0.0357
sub-0889	D	47	M	17	True	False	33	Poor	4	190	21	206	184	182.62	256	60	20	0.0259
sub-0890	B	22	F	20	True	True	33	Poor	5	28	13	40	28	26.72	250	50	19	0.0
sub-0891	A	83	M	n/a	False	True	33	Poor	5	89	5	77	73	71.24	500	50	19	0.0476
sub-0892	A	81	F	n/a	True	False	33	Poor	5	49	2	48	47	45.8	256	50	20	0.4134
sub-0893	B	68	M	60	True	True	33	Poor	5	48	41	88	48	46.98	250	50	19	0.0
sub-0894	D	46	M	8	True	False	33	Poor	5	82	8	99	82	79.16	512	60	20	0.1341
sub-0895	F	67	F	9	True	False	n/a	Poor	5	119	17	123	107	106.2	256	60	20	0.0168
sub-0896	E	85	M	30	True	False	33	Poor	5	49	30	77	48	46.58	256	60	20	0.0
sub-0897	A	59	M	n/a	True	False	33	Good	1	78	3	78	76	73.83	256	50	20	0.05
sub-0898	A	62	F	n/a	True	False	33	Poor	5	32	11	41	31	29.74	256	50	20	0.05
sub-0899	A	77	M	n/a	True	True	33	Poor	5	19	7	25	19	17.31	256	50	20	0.1105
sub-0900	B	20	M	6	False	False	n/a	Poor	5	9	16	24	9	7.86	250	50	19	0.1111
sub-0901	F	85	M	54	True	True	n/a	Poor	5	96	22	101	80	78.97	512	60	20	0.0
sub-0902	B	77	F	15	True	False	33	Poor	5	48	8	55	48	47.12	250	50	19	0.0
sub-0903	B	85	F	18	True	False	33	Poor	5	21	11	31	21	20.13	250	50	19	0.0
sub-0904	A	37	M	n/a	True	True	33	Good	1	71	9	76	68	66.49	256	50	20	0.0
sub-0905	D	55	M	111	False	True	33	Good	1	52	17	66	50	48.76	256	60	20	0.0476
sub-0907	E	67	M	9	True	False	33	Poor	5	116	9	124	107	104.91	256/512	60	20/21	0.0458
sub-0908	A	70	F	n/a	True	True	33	Good	2	91	21	93	73	72.63	500	50	19	0.0476
sub-0909	B	86	M	22	True	False	33	Poor	5	4	10	13	4	3.43	250	50	19	0.0
sub-0910	B	82	F	22	False	False	33	Poor	5	43	7	49	43	41.78	250	50	19	0.0
sub-0911	B	53	M	15	True	True	33	Poor	5	8	6	13	8	7.33	250	50	19	0.0
sub-0913	E	74	F	10	True	False	33	Good	1	42	10	48	39	38.41	256	60	20	0.0233
sub-0915	A	90	M	n/a	True	False	33	Poor	5	24	29	48	20	18.7	500	50	19	0.0476
sub-0916	B	65	M	11	False	False	33	Poor	5	28	16	43	28	27.14	250	50	19	0.0
sub-0917	A	75	M	n/a	True	True	33	Poor	5	59	18	65	48	46.54	500	50	19	0.0476
sub-0918	A	74	M	n/a	True	True	33	Poor	5	30	3	33	30	28.0	256	50	20	0.1333
sub-0919	A	66	M	n/a	True	True	33	Poor	5	13	7	27	13	10.62	256	50	20	0.05
sub-0920	A	58	M	n/a	True	True	33	Good	1	91	6	96	87	84.41	256	50	20	0.0038
sub-0921	A	72	F	n/a	True	True	33	Poor	5	49	5	51	47	45.79	256	50	20	0.2157
sub-0922	F	83	M	30	True	False	n/a	Poor	5	203	27	195	169	167.63	512	60	20	0.0
sub-0923	B	81	F	5	False	True	33	Good	2	68	0	67	68	66.73	250	50	19	0.0
sub-0924	D	42	M	22	False	True	33	Poor	5	2	19	20	2	0.62	256	60	20	0.0
sub-0925	A	77	M	n/a	True	True	33	Good	1	61	5	64	60	59.17	256/2048	50	20	0.0672
sub-0926	F	71	F	3	False	False	n/a	Poor	3	27	40	63	24	23.6	200	60	20	0.0
sub-0928	A	76	M	n/a	True	True	36	Good	1	34	24	51	28	26.63	500	50	19	0.0476
sub-0929	A	43	M	n/a	True	True	33	Good	1	69	3	69	67	64.42	256	50	20	0.0848
sub-0930	E	80	F	5	False	False	33	Poor	5	13	5	16	12	10.59	256	60	21	0.0357
sub-0931	D	28	F	60	True	False	33	Poor	5	74	8	85	74	71.1	200	60	20	0.0345
sub-0932	A	64	M	n/a	True	True	33	Poor	5	86	20	102	83	81.72	256	50	20	0.0506
sub-0933	A	68	M	n/a	False	False	33	Poor	5	47	3	49	47	46.58	256	50	20	0.0
sub-0934	A	34	F	n/a	False	False	33	Poor	5	48	3	48	46	44.8	256/2048	50	20	0.05
sub-0935	D	36	M	4	True	True	33	Good	1	99	10	104	95	93.46	200	60	20	0.0345
sub-0937	B	70	M	4	False	False	33	Poor	5	44	9	52	44	43.05	250	50	19	0.0
sub-0941	A	71	M	n/a	False	False	33	Poor	5	77	4	77	74	72.52	256	50	20	0.0994
sub-0942	A	53	F	n/a	n/a	n/a	36	Poor	5	86	17	85	69	67.69	500	50	19	0.0476
sub-0943	A	73	M	n/a	False	False	36	Poor	5	58	4	50	47	45.46	500	50	19	0.0476
sub-0944	A	82	M	n/a	True	True	33	Good	1	46	4	48	45	43.66	256	50	20	0.0
sub-0945	A	78	M	n/a	True	True	33	Good	1	29	13	40	28	27.05	256	50	20	0.05
sub-0947	B	53	M	20	False	False	33	Poor	5	50	0	49	50	48.5	250	50	19	0.0
sub-0948	D	40	M	8	False	False	33	Good	1	20	22	41	20	19.58	256	60	20	0.0476
sub-0950	B	30	M	10	False	False	33	Good	1	67	28	94	67	65.12	250	50	19	0.0
sub-0951	A	48	F	n/a	True	True	33	Good	2	50	16	64	49	47.23	256	50	20	0.05
sub-0952	F	69	M	25	True	True	n/a	Good	1	62	10	65	56	54.48	256	60	20	0.0
sub-0953	A	74	M	n/a	True	True	33	Poor	3	89	22	93	72	70.78	500	50	19	0.0476
sub-0954	A	70	M	n/a	False	False	33	Poor	5	116	4	65	61	57.46	500	50	19	0.0476
sub-0955	E	66	M	15	True	False	33	Poor	5	129	15	169	120	114.38	256	60	20	0.0694
sub-0957	B	77	M	30	True	True	33	Poor	5	45	21	65	45	43.55	250	50	19	0.4667
sub-0958	E	35	M	20	True	True	33	Poor	4	11	20	29	10	8.91	512	60	20	0.0476
sub-0960	B	40	F	35	True	True	33	Poor	5	25	4	28	25	24.24	250	50	19	0.0
sub-0961	D	59	M	n/a	True	False	n/a	Poor	5	48	9	67	48	45.67	256	60	20	0.0476
sub-0962	A	53	M	n/a	False	False	33	Poor	5	37	5	39	35	34.09	256/2048	50	20	0.2716
sub-0963	A	57	F	n/a	True	True	33	Good	1	78	27	101	75	73.78	256	50	20	0.0212
sub-0964	E	71	M	20	True	False	33	Poor	5	23	20	42	23	22.0	256	60	20	0.0
sub-0965	D	45	F	24	True	False	33	Poor	5	41	21	63	40	37.69	512	60	20	0.0
sub-0966	A	69	M	n/a	True	True	33	Poor	5	47	14	59	46	44.81	256	50	20	0.0691
sub-0967	B	58	M	33	True	True	33	Poor	5	43	13	55	43	41.92	250	50	19	0.0
sub-0968	A	70	M	n/a	n/a	n/a	36	Good	1	31	3	27	25	24.34	500	50	19	0.0476
sub-0969	A	62	M	n/a	True	True	n/a	Poor	3	79	21	121	78	75.24	256	50	20	0.0348
sub-0970	D	79	F	47	True	True	33	Poor	5	28	57	130	28	25.06	200/1024	60	20	0.0083
sub-0971	E	62	M	15	True	False	33	Poor	5	61	15	75	58	56.39	1024	60	21	0.0357
sub-0973	F	65	M	n/a	True	True	n/a	Poor	5	372	5	314	310	306.15	512	60	20	0.0081
sub-0974	D	54	F	98	True	False	33	Poor	5	72	5	77	70	67.69	200	60	20	0.0479
sub-0975	A	82	F	n/a	True	True	33	Poor	5	71	23	90	68	66.59	256	50	20	0.0718
sub-0976	B	54	M	38	True	False	33	Poor	5	45	55	99	45	44.12	250	50	19	0.4889
sub-0977	D	45	M	13	True	True	33	Good	1	41	14	57	41	38.77	256	60	20	0.0
sub-0978	A	67	M	n/a	True	True	33	Poor	5	29	18	69	29	28.32	2048	50	20	0.0
sub-0979	A	62	M	n/a	True	False	33	Poor	5	69	6	71	66	64.81	256	50	20	0.0
sub-0980	F	58	M	n/a	True	True	n/a	Good	2	174	12	199	156	152.82	256	60	20	0.0
sub-0981	D	54	M	21	True	False	33	Poor	5	98	22	136	98	93.66	512	60	20	0.0
sub-0982	F	80	M	6	False	True	n/a	Poor	5	46	25	72	43	41.53	256	60	20	0.0
sub-0984	A	67	M	n/a	True	True	33	Poor	5	57	15	69	55	53.52	256/2048	50	20	0.0
sub-0985	A	55	F	n/a	True	True	33	Good	1	92	4	50	47	45.62	500	50	19	0.0476
sub-0987	A	39	F	n/a	True	False	33	Poor	5	2	5	6	2	1.36	256	50	20	0.05
sub-0988	F	83	M	8	True	False	n/a	Poor	5	81	12	84	73	72.09	256	60	20	0.0
sub-0989	A	55	M	n/a	True	True	33	Poor	5	57	63	118	56	55.05	256	50	20	0.4553
sub-0991	F	23	M	n/a	True	False	n/a	Poor	4	48	4	48	45	43.04	200	60	20	0.0
sub-0993	A	74	F	n/a	True	True	33	Poor	5	98	22	116	95	94.0	256	50	20	0.0
sub-0994	A	78	F	n/a	True	True	33	Good	1	61	6	65	60	59.44	256	50	20	0.05
sub-0996	E	67	M	5	True	False	33	Good	2	43	5	73	43	39.34	512	60	21	0.0357
sub-0997	D	26	F	n/a	True	False	n/a	Poor	5	32	12	42	31	29.6	512	60	20	0.0
sub-0998	B	70	M	29	True	False	33	Poor	5	25	2	26	25	24.0	250	50	19	0.0
sub-0999	B	46	M	10	False	False	33	Poor	5	47	4	50	47	45.2	250	50	19	0.0
sub-1000	E	74	M	15	True	True	33	Good	1	59	15	70	56	55.13	256	60	20/21	0.0468
sub-1001	A	68	M	n/a	True	True	33	Good	1	69	5	71	67	65.66	256	50	20	0.0645
sub-1002	A	64	M	n/a	n/a	n/a	36	Poor	5	36	4	34	30	28.19	500	50	19	0.0476
sub-1003	F	52	M	25	True	True	n/a	Poor	5	99	18	109	92	91.0	200	60	20	0.0
sub-1004	A	45	F	n/a	True	True	33	Good	1	42	3	43	41	39.83	256	50	20	0.0
sub-1005	E	55	M	4	True	False	36	Poor	5	37	4	39	36	35.51	256	60	20	0.0345
sub-1006	A	76	M	n/a	True	True	33	Poor	5	50	6	53	48	47.14	256	50	20	0.003
sub-1007	A	81	F	n/a	True	True	33	Poor	5	95	4	94	91	89.28	256	50	20	0.05
sub-1008	F	80	M	26	True	False	n/a	Poor	5	91	9	90	82	80.25	256	60	20	0.011
sub-1009	A	83	M	n/a	False	False	36	Poor	5	40	8	43	33	31.0	500	50	19	0.0476
sub-1011	E	90	M	5	False	False	33	Poor	5	44	5	47	43	42.55	256	60	20	0.25
sub-1012	F	78	M	15	True	False	n/a	Poor	4	142	13	209	128	124.49	256	60	20	0.0
sub-1013	A	68	M	n/a	True	True	33	Good	2	49	16	63	48	46.95	256	50	20	0.0
sub-1014	F	37	F	42	True	True	n/a	Poor	5	49	12	55	44	42.32	256	60	20	0.0
sub-1015	A	63	F	n/a	n/a	n/a	36	Good	2	92	4	77	74	72.76	500	50	19	0.0476
sub-1016	E	87	M	7	True	False	33	Poor	5	28	7	348	27	24.06	256	60	21	0.0357
sub-1017	F	26	M	52	True	False	n/a	Poor	5	89	29	108	80	79.35	256	60	20	0.0
sub-1018	E	63	M	n/a	True	True	36	Poor	5	34	13	233	33	30.27	256	60	20	0.0345
sub-1019	A	72	M	n/a	True	True	36	Good	1	7	21	26	6	5.28	500	50	19	0.0476
sub-1020	A	67	M	n/a	True	True	36	Good	1	92	17	90	74	72.95	500	50	19	0.0476
