filename	hour_after_arrest	start_time_after_arrest	duration	sampling_frequency	powerline_frequency	n_eeg_channels	n_channels	n_bad_channels
eeg/sub-0439_task-icu_acq-h019_run-001_eeg.edf	019	19:18:49	2471.0	500	50	19	21	1
eeg/sub-0439_task-icu_acq-h020_run-002_eeg.edf	020	20:00:00	3600.0	500	50	19	21	1
eeg/sub-0439_task-icu_acq-h021_run-003_eeg.edf	021	21:00:00	3600.0	500	50	19	21	1
eeg/sub-0439_task-icu_acq-h022_run-004_eeg.edf	022	22:00:00	3600.0	500	50	19	21	1
eeg/sub-0439_task-icu_acq-h023_run-005_eeg.edf	023	23:00:00	1129.0	500	50	19	21	1
eeg/sub-0439_task-icu_acq-h023_run-006_eeg.edf	023	23:18:50	2470.0	500	50	19	21	1
eeg/sub-0439_task-icu_acq-h024_run-007_eeg.edf	024	24:00:00	3600.0	500	50	19	21	1
eeg/sub-0439_task-icu_acq-h025_run-008_eeg.edf	025	25:00:00	3600.0	500	50	19	21	1
eeg/sub-0439_task-icu_acq-h026_run-009_eeg.edf	026	26:00:00	3600.0	500	50	19	21	1
eeg/sub-0439_task-icu_acq-h027_run-010_eeg.edf	027	27:00:00	1130.0	500	50	19	21	1
eeg/sub-0439_task-icu_acq-h027_run-011_eeg.edf	027	27:18:52	2468.0	500	50	19	21	1
eeg/sub-0439_task-icu_acq-h028_run-012_eeg.edf	028	28:00:00	3600.0	500	50	19	21	1
eeg/sub-0439_task-icu_acq-h029_run-013_eeg.edf	029	29:00:00	3600.0	500	50	19	21	1
eeg/sub-0439_task-icu_acq-h030_run-014_eeg.edf	030	30:00:00	3600.0	500	50	19	21	1
eeg/sub-0439_task-icu_acq-h031_run-015_eeg.edf	031	31:00:00	1132.0	500	50	19	21	1
eeg/sub-0439_task-icu_acq-h031_run-016_eeg.edf	031	31:18:53	2467.0	500	50	19	21	1
eeg/sub-0439_task-icu_acq-h032_run-017_eeg.edf	032	32:00:00	3600.0	500	50	19	21	1
eeg/sub-0439_task-icu_acq-h033_run-018_eeg.edf	033	33:00:00	3600.0	500	50	19	21	1
eeg/sub-0439_task-icu_acq-h034_run-019_eeg.edf	034	34:00:00	3600.0	500	50	19	21	1
eeg/sub-0439_task-icu_acq-h035_run-020_eeg.edf	035	35:00:00	1133.0	500	50	19	21	1
eeg/sub-0439_task-icu_acq-h035_run-021_eeg.edf	035	35:18:54	2466.0	500	50	19	21	1
eeg/sub-0439_task-icu_acq-h036_run-022_eeg.edf	036	36:00:00	3600.0	500	50	19	21	1
eeg/sub-0439_task-icu_acq-h037_run-023_eeg.edf	037	37:00:00	3600.0	500	50	19	21	1
eeg/sub-0439_task-icu_acq-h038_run-024_eeg.edf	038	38:00:00	3600.0	500	50	19	21	1
eeg/sub-0439_task-icu_acq-h039_run-025_eeg.edf	039	39:00:00	1134.0	500	50	19	21	1
eeg/sub-0439_task-icu_acq-h039_run-026_eeg.edf	039	39:18:55	2465.0	500	50	19	21	1
eeg/sub-0439_task-icu_acq-h040_run-027_eeg.edf	040	40:00:00	3600.0	500	50	19	21	1
eeg/sub-0439_task-icu_acq-h041_run-028_eeg.edf	041	41:00:00	3600.0	500	50	19	21	1
eeg/sub-0439_task-icu_acq-h042_run-029_eeg.edf	042	42:00:00	3600.0	500	50	19	21	1
eeg/sub-0439_task-icu_acq-h043_run-030_eeg.edf	043	43:00:00	1135.0	500	50	19	21	1
eeg/sub-0439_task-icu_acq-h043_run-031_eeg.edf	043	43:18:56	2464.0	500	50	19	21	1
eeg/sub-0439_task-icu_acq-h044_run-032_eeg.edf	044	44:00:00	3600.0	500	50	19	21	1
eeg/sub-0439_task-icu_acq-h045_run-033_eeg.edf	045	45:00:00	3600.0	500	50	19	21	1
eeg/sub-0439_task-icu_acq-h046_run-034_eeg.edf	046	46:00:00	3600.0	500	50	19	21	1
eeg/sub-0439_task-icu_acq-h047_run-035_eeg.edf	047	47:00:00	1136.0	500	50	19	21	1
eeg/sub-0439_task-icu_acq-h047_run-036_eeg.edf	047	47:18:57	2463.0	500	50	19	21	1
eeg/sub-0439_task-icu_acq-h048_run-037_eeg.edf	048	48:00:00	3600.0	500	50	19	21	1
eeg/sub-0439_task-icu_acq-h049_run-038_eeg.edf	049	49:00:00	3600.0	500	50	19	21	1
eeg/sub-0439_task-icu_acq-h050_run-039_eeg.edf	050	50:00:00	3600.0	500	50	19	21	1
eeg/sub-0439_task-icu_acq-h051_run-040_eeg.edf	051	51:00:00	1137.0	500	50	19	21	1
eeg/sub-0439_task-icu_acq-h051_run-041_eeg.edf	051	51:18:58	2462.0	500	50	19	21	1
eeg/sub-0439_task-icu_acq-h052_run-042_eeg.edf	052	52:00:00	3600.0	500	50	19	21	1
eeg/sub-0439_task-icu_acq-h053_run-043_eeg.edf	053	53:00:00	3600.0	500	50	19	21	1
eeg/sub-0439_task-icu_acq-h054_run-044_eeg.edf	054	54:00:00	3600.0	500	50	19	21	1
eeg/sub-0439_task-icu_acq-h055_run-045_eeg.edf	055	55:00:00	1138.0	500	50	19	21	1
eeg/sub-0439_task-icu_acq-h055_run-046_eeg.edf	055	55:18:59	2461.0	500	50	19	21	1
eeg/sub-0439_task-icu_acq-h056_run-047_eeg.edf	056	56:00:00	3600.0	500	50	19	21	1
eeg/sub-0439_task-icu_acq-h057_run-048_eeg.edf	057	57:00:00	3600.0	500	50	19	21	1
eeg/sub-0439_task-icu_acq-h058_run-049_eeg.edf	058	58:00:00	3600.0	500	50	19	21	1
eeg/sub-0439_task-icu_acq-h059_run-050_eeg.edf	059	59:00:00	1139.0	500	50	19	21	1
eeg/sub-0439_task-icu_acq-h059_run-051_eeg.edf	059	59:19:01	2459.0	500	50	19	21	1
eeg/sub-0439_task-icu_acq-h060_run-052_eeg.edf	060	60:00:00	3600.0	500	50	19	21	1
eeg/sub-0439_task-icu_acq-h061_run-053_eeg.edf	061	61:00:00	3600.0	500	50	19	21	1
eeg/sub-0439_task-icu_acq-h062_run-054_eeg.edf	062	62:00:00	3600.0	500	50	19	21	1
eeg/sub-0439_task-icu_acq-h063_run-055_eeg.edf	063	63:00:00	1141.0	500	50	19	21	1
eeg/sub-0439_task-icu_acq-h063_run-056_eeg.edf	063	63:19:02	2458.0	500	50	19	21	1
eeg/sub-0439_task-icu_acq-h064_run-057_eeg.edf	064	64:00:00	3600.0	500	50	19	21	1
eeg/sub-0439_task-icu_acq-h065_run-058_eeg.edf	065	65:00:00	3600.0	500	50	19	21	1
eeg/sub-0439_task-icu_acq-h066_run-059_eeg.edf	066	66:00:00	3600.0	500	50	19	21	1
eeg/sub-0439_task-icu_acq-h067_run-060_eeg.edf	067	67:00:00	1142.0	500	50	19	21	1
eeg/sub-0439_task-icu_acq-h067_run-061_eeg.edf	067	67:19:03	2457.0	500	50	19	21	1
eeg/sub-0439_task-icu_acq-h068_run-062_eeg.edf	068	68:00:00	3600.0	500	50	19	21	1
eeg/sub-0439_task-icu_acq-h069_run-063_eeg.edf	069	69:00:00	3600.0	500	50	19	21	1
eeg/sub-0439_task-icu_acq-h070_run-064_eeg.edf	070	70:00:00	3600.0	500	50	19	21	1
eeg/sub-0439_task-icu_acq-h071_run-065_eeg.edf	071	71:00:00	1143.0	500	50	19	21	1
eeg/sub-0439_task-icu_acq-h071_run-066_eeg.edf	071	71:19:04	2456.0	500	50	19	21	1
eeg/sub-0439_task-icu_acq-h072_run-067_eeg.edf	072	72:00:00	3600.0	500	50	19	21	1
eeg/sub-0439_task-icu_acq-h073_run-068_eeg.edf	073	73:00:00	3600.0	500	50	19	21	1
eeg/sub-0439_task-icu_acq-h074_run-069_eeg.edf	074	74:00:00	3600.0	500	50	19	21	1
eeg/sub-0439_task-icu_acq-h075_run-070_eeg.edf	075	75:00:00	1144.0	500	50	19	21	1
eeg/sub-0439_task-icu_acq-h075_run-071_eeg.edf	075	75:19:05	2455.0	500	50	19	21	1
eeg/sub-0439_task-icu_acq-h076_run-072_eeg.edf	076	76:00:00	3600.0	500	50	19	21	1
eeg/sub-0439_task-icu_acq-h077_run-073_eeg.edf	077	77:00:00	3600.0	500	50	19	21	1
eeg/sub-0439_task-icu_acq-h078_run-074_eeg.edf	078	78:00:00	3600.0	500	50	19	21	1
eeg/sub-0439_task-icu_acq-h079_run-075_eeg.edf	079	79:00:00	1145.0	500	50	19	21	1
eeg/sub-0439_task-icu_acq-h079_run-076_eeg.edf	079	79:19:07	2453.0	500	50	19	21	1
eeg/sub-0439_task-icu_acq-h080_run-077_eeg.edf	080	80:00:00	3600.0	500	50	19	21	1
eeg/sub-0439_task-icu_acq-h081_run-078_eeg.edf	081	81:00:00	3600.0	500	50	19	21	1
eeg/sub-0439_task-icu_acq-h082_run-079_eeg.edf	082	82:00:00	3600.0	500	50	19	21	1
eeg/sub-0439_task-icu_acq-h083_run-080_eeg.edf	083	83:00:00	1147.0	500	50	19	21	1
eeg/sub-0439_task-icu_acq-h083_run-081_eeg.edf	083	83:19:08	2452.0	500	50	19	21	1
eeg/sub-0439_task-icu_acq-h084_run-082_eeg.edf	084	84:00:00	3600.0	500	50	19	21	1
eeg/sub-0439_task-icu_acq-h085_run-083_eeg.edf	085	85:00:00	3600.0	500	50	19	21	1
eeg/sub-0439_task-icu_acq-h086_run-084_eeg.edf	086	86:00:00	3600.0	500	50	19	21	1
eeg/sub-0439_task-icu_acq-h087_run-085_eeg.edf	087	87:00:00	1148.0	500	50	19	21	1
eeg/sub-0439_task-icu_acq-h087_run-086_eeg.edf	087	87:19:09	2451.0	500	50	19	21	1
eeg/sub-0439_task-icu_acq-h088_run-087_eeg.edf	088	88:00:00	3600.0	500	50	19	21	1
eeg/sub-0439_task-icu_acq-h089_run-088_eeg.edf	089	89:00:00	3600.0	500	50	19	21	1
eeg/sub-0439_task-icu_acq-h090_run-089_eeg.edf	090	90:00:00	3600.0	500	50	19	21	1
eeg/sub-0439_task-icu_acq-h091_run-090_eeg.edf	091	91:00:00	1149.0	500	50	19	21	1
eeg/sub-0439_task-icu_acq-h091_run-091_eeg.edf	091	91:19:10	2450.0	500	50	19	21	1
eeg/sub-0439_task-icu_acq-h092_run-092_eeg.edf	092	92:00:00	2101.0	500	50	19	21	1
