name	x	y	z	type	material	impedance
C3	-0.065358	-0.011632	0.064358	n/a	n/a	n/a
C4	0.067118	-0.010900	0.063580	n/a	n/a	n/a
Cz	0.000401	-0.009167	0.100244	n/a	n/a	n/a
F3	-0.050244	0.053111	0.042192	n/a	n/a	n/a
F4	0.051836	0.054305	0.040814	n/a	n/a	n/a
F7	-0.070263	0.042474	-0.011420	n/a	n/a	n/a
F8	0.073043	0.044422	-0.012000	n/a	n/a	n/a
F9	-0.070102	0.041652	-0.049952	n/a	n/a	n/a
Fp1	-0.029437	0.083917	-0.006990	n/a	n/a	n/a
Fp2	0.029872	0.084896	-0.007080	n/a	n/a	n/a
Fpz	0.000112	0.088247	-0.001713	n/a	n/a	n/a
Fz	0.000312	0.058512	0.066462	n/a	n/a	n/a
O1	-0.029413	-0.112449	0.008839	n/a	n/a	n/a
O2	0.029843	-0.112156	0.008800	n/a	n/a	n/a
P3	-0.053007	-0.078788	0.055940	n/a	n/a	n/a
P4	0.055667	-0.078560	0.056561	n/a	n/a	n/a
Pz	0.000325	-0.081115	0.082615	n/a	n/a	n/a
T3	-0.084161	-0.016019	-0.009346	n/a	n/a	n/a
T4	0.085080	-0.015020	-0.009490	n/a	n/a	n/a
T5	-0.072434	-0.073453	-0.002487	n/a	n/a	n/a
T6	0.073056	-0.073068	-0.002540	n/a	n/a	n/a
